Workbook

Sheet Test User Data
A2: Test Data / User Accounts
A3: Test Data | B3: Description | C3: User ID
A4: V1 | B4: Anonymous visitor (not signed in) | C4: NA
A5: U1 | B5: Signed-in learner NOT enrolled (negative access cases) | C5: shivamnamdev.edu@gmail.com
A6: S1 | B6: Learner enrolled in Course B (Git lab course) | C6: financetrail.bazar@gmail.com
A7: S2 | B7: Learner enrolled in Course A (Python lab course) | C7: mavish.ps8@gmail.com
A8: E1 | B8: S2 with the final-exam state prepared through the service role (attempts used / passed), reset afterwards | C8: mavish.ps8@gmail.com
A9: A1 | B9: Admin user (bypasses locks, sees Share) | C9: shivamnamdev.corp@gmail.com
A10: CA | B10: Course A: Python Beginners Batch 2 (python-beginners-batch-2), Python labs and the final exam | C10: /learning/python-beginners-batch-2
A11: CB | B11: Course B: Git Beginner Live Session (git-beginner-batch-1), Git labs | C11: /learning/git-beginner-batch-1
A12: LP | B12: A lesson that has a Python assignment (find it in the Course A sidebar: 'Pending Assignment') | C12: Course A
A13: LG | B13: A lesson that has a Git assignment (Course B sidebar) | C13: Course B
A14: LX | B14: The final exam lesson ('Final Exam' marker) and the advanced lessons it unlocks | C14: Course A
A16: Notes | B16: External services: YouTube Data API, GitHub raw files, Pyodide CDN, Monaco. Where a case says 'blocked' the request is blocked with the browser's network tools. Clean up: remove progress, submission, exam, comment and like rows the case created. Expected failures are listed in the PRD risks (SCP-32, SCP-33, SCP-34, missing video_likes table).

Sheet Page Load and Curriculum
A1: TC ID | B1: Scenario | C1: Preconditions | D1: Steps | E1: Expected Result | F1: Priority | G1: Result | H1: PRD Scenario | I1: Automated
A2: LRN-LOAD-001 | B2: Loading state | C2: S2; slow network | D2: 1. Open /learning/python-beginners-batch-2 | E2: 'Loading your personalized curriculum…' with a spinner | F2: P1 | H2: LX-01 | I2: No
A3: LRN-LOAD-002 | B3: Enrolled learner opens the course | C3: S2 | D3: 1. Open the course page | E3: Loading ends; header with Back link and progress; sidebar; first lesson active | F3: P0 | H3: LX-01 | I3: AUTH-COURSE (tests/ui/auth/access-control.spec.ts) opens the page
A4: LRN-LOAD-003 | B4: Curriculum lists every module and lesson | C4: S2 | D4: 1. Compare the sidebar with the course playlist in data/courses.ts | E4: Same modules and lessons in the same order | F4: P0 | H4: LX-02 | I4: No
A5: LRN-LOAD-004 | B5: First lesson is active on load | C5: LOAD-002 | D5: 1. Look at the title and the sidebar highlight | E5: First lesson title shown and highlighted | F5: P1 | H5: LX-03 | I5: No
A6: LRN-LOAD-005 | B6: Selecting a lesson changes the content | C6: LOAD-002 | D6: 1. Click another lesson | E6: Title, video and description change; sidebar highlight moves | F6: P0 | H6: LX-04 | I6: No
A7: LRN-LOAD-006 | B7: Lesson change resets tab, output and AI reply | C7: Python lesson with output and an AI reply | D7: 1. Click another lesson | E7: Tab is Details; output and AI reply cleared; likes reset | F7: P1 | H7: LX-05 | I7: No
A8: LRN-LOAD-007 | B8: Back link returns to the dashboard | C8: LOAD-002 | D8: 1. Click Back | E8: /learning opens | F8: P1 | H8: LX-10 | I8: No
A9: LRN-LOAD-008 | B9: Sidebar marks | C9: S2 with one completed video and one submitted assignment | D9: 1. Read the sidebar | E9: Completed video marked; assignment shows 'Assignment Submitted'; others 'Pending Assignment'; exam shows 'Final Exam' | F9: P1 | H9: LX-02/09 | I9: No
A10: LRN-LOAD-009 | B10: Progress percentage | C10: Known counts of videos/assignments done | D10: 1. Read the header percentage | E10: Equals (completed videos + submitted assignments) / (videos + assignments), rounded | F10: P1 | H10: LX-09 | I10: No
A11: LRN-LOAD-010 | B11: Non-enrolled learner is denied | C11: U1 | D11: 1. Open the course page | E11: Redirect or Access Denied; no lessons | F11: P0 | H11: LX-01 | I11: AUTH-ENR (access-control.spec.ts)
A12: LRN-LOAD-011 | B12: Visitor is sent to sign-in | C12: V1 | D12: 1. Open the course page | E12: Sign-in or home; no lessons | F12: P0 | H12: LX-01 | I12: route-protection.spec.ts
A13: LRN-LOAD-012 | B13: No console errors during a 5-lesson walk-through | C13: S2; console open | D13: 1. Open five different lessons | E13: No uncaught exceptions | F13: P1 | H13: LX-60 | I13: No
F14: Coverage | G14: =IF(COUNTA(A2:A13)=0,0,(COUNTIF(G2:G13,"Passed")+COUNTIF(G2:G13,"Failed")+COUNTIF(G2:G13,"NA"))/COUNTA(A2:A13))

Sheet Lesson Player and Progress
A1: TC ID | B1: Scenario | C1: Preconditions | D1: Steps | E1: Expected Result | F1: Priority | G1: Result | H1: PRD Scenario | I1: Automated
A2: LRN-PLY-001 | B2: Video lesson shows the player and title | C2: S2 | D2: 1. Open a video lesson | E2: YouTube player visible; title; 'Instructor: Shivam Namdev' | F2: P0 | H2: LX-04 | I2: No
A3: LRN-PLY-002 | B3: Mark Complete | C3: S2; lesson not completed | D3: 1. Click Mark Complete | E3: Button changes to disabled 'Video Watched'; progress percentage rises | F3: P0 | H3: LX-06 | I3: No
A4: LRN-PLY-003 | B4: Progress row is saved | C4: PLY-002 | D4: 1. Read video_progress for S2 | E4: One row for the lesson and course | F4: P0 | H4: LX-06 | I4: No
A5: LRN-PLY-004 | B5: Completion survives a reload | C5: PLY-002 | D5: 1. Reload | E5: Still 'Video Watched'; same percentage | F5: P0 | H5: LX-07 | I5: No
A6: LRN-PLY-005 | B6: Double click on Mark Complete saves once | C6: S2 | D6: 1. Double-click | E6: One row only | F6: P1 | H6: LX-06 | I6: No
A7: LRN-PLY-006 | B7: Document lesson wording | C7: S2; document lesson | D7: 1. Open it | E7: Button says 'Mark as Read', then 'Read Complete' | F7: P1 | H7: LX-08 | I7: No
A8: LRN-PLY-007 | B8: Share button for a learner | C8: S2 | D8: 1. Look for Share | E8: Not shown | F8: P1 | H8: LX-51 | I8: No
A9: LRN-PLY-008 | B9: Share button for the admin | C9: A1 | D9: 1. Open a video lesson | E9: Share is shown (not for document lessons) and copies a /share/<id> link | F9: P1 | H9: LX-51 | I9: No
A10: LRN-PLY-009 | B10: XP sync after completion | C10: PLY-002; network log | D10: 1. Inspect requests | E10: POST /api/xp/sync is sent | F10: P2 | H10: LX-06 | I10: No
A11: LRN-PLY-010 | B11: Progress save fails | C11: video_progress insert forced to fail | D11: 1. Click Mark Complete | E11: Message shown; button usable again; no false 'Video Watched' | F11: P1 | H11: LX-55 | I11: No
F12: Coverage | G12: =IF(COUNTA(A2:A11)=0,0,(COUNTIF(G2:G11,"Passed")+COUNTIF(G2:G11,"Failed")+COUNTIF(G2:G11,"NA"))/COUNTA(A2:A11))

Sheet Tabs QandA and Materials
A1: TC ID | B1: Scenario | C1: Preconditions | D1: Steps | E1: Expected Result | F1: Priority | G1: Result | H1: PRD Scenario | I1: Automated
A2: LRN-TAB-001 | B2: Plain lesson has Details and Q&A only | C2: S2; lesson without assignment or attachments | D2: 1. Look at the tabs | E2: Details, Q&A | F2: P0 | H2: LX-11 | I2: No
A3: LRN-TAB-002 | B3: Lab lesson adds Practice and Visualize | C3: S2; lesson with assignment | D3: 1. Look at the tabs | E3: Details, Q&A, Practice, Visualize | F3: P0 | H3: LX-11 | I3: No
A4: LRN-TAB-003 | B4: Git lesson names the graph tab | C4: S1; Git lesson | D4: 1. Look at the tabs | E4: 'Git Graph' instead of 'Visualize' | F4: P1 | H4: LX-11 | I4: No
A5: LRN-TAB-004 | B5: Exam lesson has no Visualize | C5: E1; final exam lesson | D5: 1. Look at the tabs | E5: Practice present; Visualize absent | F5: P1 | H5: LX-41 | I5: No
A6: LRN-TAB-005 | B6: Materials tab only with attachments | C6: Lesson with attachments | D6: 1. Open the lesson | E6: Materials tab present; absent on lessons without attachments | F6: P1 | H6: LX-11 | I6: No
A7: LRN-TAB-006 | B7: Materials links open | C7: TAB-005 | D7: 1. Click a material | E7: File or page opens in a new tab / downloads | F7: P2 | H7: LX-13 | I7: No
A8: LRN-TAB-007 | B8: Details shows the description | C8: S2 | D8: 1. Open Details | E8: Lesson description text | F8: P1 | H8: LX-12 | I8: No
A9: LRN-TAB-008 | B9: Post a comment | C9: S2 on Q&A | D9: 1. Type 'QA comment' 2. Post | E9: Comment appears at the top with name and time; row saved | F9: P1 | H9: LX-14 | I9: No
A10: LRN-TAB-009 | B10: Empty comment is refused | C10: S2 | D10: 1. Post with empty text | E10: Nothing posted | F10: P1 | H10: LX-15 | I10: No
A11: LRN-TAB-010 | B11: Comment order | C11: Two comments | D11: 1. Read the list | E11: Newest first | F11: P2 | H11: LX-14 | I11: No
A12: LRN-TAB-011 | B12: Like the lesson | C12: S2 | D12: 1. Click the like | E12: Count +1 and highlighted; second click removes it (known gap: video_likes table missing) | F12: P1 | H12: LX-16 | I12: No
A13: LRN-TAB-012 | B13: Comments are per lesson | C13: Comment on lesson 1 | D13: 1. Open lesson 2 Q&A | E13: Comment not shown | F13: P1 | H13: LX-14 | I13: No
F14: Coverage | G14: =IF(COUNTA(A2:A13)=0,0,(COUNTIF(G2:G13,"Passed")+COUNTIF(G2:G13,"Failed")+COUNTIF(G2:G13,"NA"))/COUNTA(A2:A13))

Sheet Python Lab
A1: TC ID | B1: Scenario | C1: Preconditions | D1: Steps | E1: Expected Result | F1: Priority | G1: Result | H1: PRD Scenario | I1: Automated
A2: LRN-PY-001 | B2: Workspace and instructions load | C2: S2; LP lesson | D2: 1. Open Practice | E2: Instructions/steps shown; editor with main.py ready | F2: P0 | H2: LX-17 | I2: No
A3: LRN-PY-002 | B3: Run prints the output | C3: PY-001 with print('hello') | D3: 1. Click Run | E3: Output 'hello' | F3: P0 | H3: LX-18 | I3: No
A4: LRN-PY-003 | B4: Runtime error is readable | C4: code with 1/0 | D4: 1. Run | E4: Error text with the exception name and line | F4: P0 | H4: LX-19 | I4: No
A5: LRN-PY-004 | B5: Syntax error is readable | C5: code 'def x(' | D5: 1. Run | E5: SyntaxError shown; page responsive | F5: P1 | H5: LX-19 | I5: No
A6: LRN-PY-005 | B6: Infinite loop does not freeze the page | C6: code 'while True: pass' | D6: 1. Run 2. Try another tab | E6: Page stays usable, or a clear way to stop; no permanent freeze (note behaviour) | F6: P1 | H6: LX-20 | I6: No
A7: LRN-PY-006 | B7: Add a file | C7: PY-001 | D7: 1. Add file helper.py 2. Import it in main.py 3. Run | E7: Import works | F7: P1 | H7: LX-21 | I7: No
A8: LRN-PY-007 | B8: Delete a file | C8: PY-006 | D8: 1. Delete helper.py | E8: File removed; main.py stays | F8: P2 | H8: LX-21 | I8: No
A9: LRN-PY-008 | B9: Multi-step assignment | C9: LP with several steps | D9: 1. Move to the next step | E9: Instructions and files change to the next step | F9: P1 | H9: LX-22 | I9: No
A10: LRN-PY-009 | B10: Submit saves the code | C10: PY-002 | D10: 1. Click Submit | E10: Success toast; sidebar shows 'Assignment Submitted'; assignment_progress row saved | F10: P0 | H10: LX-23 | I10: No
A11: LRN-PY-010 | B11: Submitted code returns after reload | C11: PY-009 | D11: 1. Reload 2. Open the lesson | E11: Same code in the editor | F11: P0 | H11: LX-24 | I11: No
A12: LRN-PY-011 | B12: Update after a second submit | C12: PY-009 | D12: 1. Change code 2. Click Update | E12: Row updated, not duplicated | F12: P1 | H12: LX-23 | I12: No
A13: LRN-PY-012 | B13: Solution only after submit | C13: S2 before submitting | D13: 1. Look for View Solution | E13: Not available | F13: P1 | H13: LX-25 | I13: No
... A21: LRN-PY-020 | B21: Double click on Submit saves once | C21: PY-002 | D21: 1. Double-click Submit | E21: One row | F21: P1 | H21: LX-23 | I21: No
F22: Coverage | G22: =IF(COUNTA(A2:A21)=0,0,(COUNTIF(G2:G21,"Passed")+COUNTIF(G2:G21,"Failed")+COUNTIF(G2:G21,"NA"))/COUNTA(A2:A21))

Sheet Git Lab
A1: TC ID | B1: Scenario | C1: Preconditions | D1: Steps | E1: Expected Result | F1: Priority | G1: Result | H1: PRD Scenario | I1: Automated
A2: LRN-GIT-001 | B2: Instructions and terminal load | C2: S1; LG lesson | D2: 1. Open Practice | E2: Instructions listed; terminal prompt ready | F2: P0 | H2: LX-30 | I2: No
A3: LRN-GIT-002 | B3: git status | C3: GIT-001 | D3: 1. Type git status | E3: Simulator status text | F3: P0 | H3: LX-31 | I3: No
A4: LRN-GIT-003 | B4: git add and git commit | C4: GIT-001 | D4: 1. git add <file> 2. git commit -m 'msg' | E4: Commit confirmation; graph shows the commit | F4: P0 | H4: LX-31 | I4: No
A5: LRN-GIT-004 | B5: git log --oneline | C5: GIT-003 | D5: 1. Run it | E5: Commit list with the message | F5: P1 | H5: LX-31 | I5: No
A6: LRN-GIT-005 | B6: git checkout -b creates a branch | C6: GIT-003 | D6: 1. git checkout -b feature | E6: Branch label shows 'feature'; graph shows the branch | F6: P1 | H6: LX-32 | I6: No
A7: LRN-GIT-006 | B7: Unsupported command | C7: GIT-001 | D7: 1. Type git rebase main | E7: Message that the command is not supported | F7: P1 | H7: LX-33 | I7: No
A8: LRN-GIT-007 | B8: Commit with nothing staged | C8: GIT-001 | D8: 1. git commit -m 'x' | E8: Explains 'nothing to commit' | F8: P1 | H8: LX-34 | I8: No
A9: LRN-GIT-008 | B9: Empty command | C9: GIT-001 | D9: 1. Press Enter on an empty line | E9: No error; new prompt | F9: P2 | H9: LX-33 | I9: No
A10: LRN-GIT-009 | B10: Git Graph tab | C10: GIT-003 | D10: 1. Open Git Graph | E10: Nodes and branch lines match the commands | F10: P1 | H10: LX-35 | I10: No
A11: LRN-GIT-010 | B11: Reset clears the lab | C11: GIT-003 | D11: 1. Click Reset | E11: Terminal and graph return to the start | F11: P1 | H11: LX-36 | I11: No
A12: LRN-GIT-011 | B12: Submit saves the history | C12: GIT-003 | D12: 1. Click Submit | E12: Toast; sidebar 'Assignment Submitted'; row saved | F12: P1 | H12: LX-37 | I12: No
A13: LRN-GIT-012 | B13: Switching lessons resets the simulator | C13: GIT-003 | D13: 1. Open another lesson and come back | E13: Fresh lab (or saved submission as designed) | F13: P2 | H13: LX-05 | I13: No
F14: Coverage | G14: =IF(COUNTA(A2:A13)=0,0,(COUNTIF(G2:G13,"Passed")+COUNTIF(G2:G13,"Failed")+COUNTIF(G2:G13,"NA"))/COUNTA(A2:A13))

Sheet AI Tutor
A1: TC ID | B1: Scenario | C1: Preconditions | D1: Steps | E1: Expected Result | F1: Priority | G1: Result | H1: PRD Scenario | I1: Automated
A2: LRN-AI-001 | B2: Ask AI shows a loading state | C2: S2 on a Python lesson | D2: 1. Click Ask AI | E2: Loading indicator on the button | F2: P1 | H2: LX-38 | I2: No
A3: LRN-AI-002 | B3: Ask AI shows a reply | C3: AI-001 | D3: 1. Wait | E3: Reply text appears | F3: P0 | H3: LX-38 | I3: No
A4: LRN-AI-003 | B4: Request carries lab type, code, output | C4: AI-002; network log | D4: 1. Inspect POST /api/ai-tutor | E4: Body has labType, code, assignment, output | F4: P1 | H4: LX-38 | I4: No
A5: LRN-AI-004 | B5: Git reply follows the last command | C5: S1 after 'git commit' with nothing staged | D5: 1. Click Ask AI | E5: Hint mentions staging with git add | F5: P1 | H5: LX-39 | I5: No
A6: LRN-AI-005 | B6: Failure shows a message | C6: /api/ai-tutor forced to 500 | D6: 1. Click Ask AI | E6: Message shown; Run and Submit still work | F6: P1 | H6: LX-40 | I6: No
A7: LRN-AI-006 | B7: Reply cleared on lesson change | C7: AI-002 | D7: 1. Open another lesson | E7: No reply shown | F7: P2 | H7: LX-05 | I7: No
A8: LRN-AI-007 | B8: Note: current reply is a canned test-mode message | C8: Any | D8: 1. Read the reply | E8: Test-mode text (real LLM not integrated, R-LX-5); record as a known limitation | F8: P2 | H8: LX-38 | I8: No
F9: Coverage | G9: =IF(COUNTA(A2:A8)=0,0,(COUNTIF(G2:G8,"Passed")+COUNTIF(G2:G8,"Failed")+COUNTIF(G2:G8,"NA"))/COUNTA(A2:A8))

Sheet Final Exam Locks Certificate
A1: TC ID | B1: Scenario | C1: Preconditions | D1: Steps | E1: Expected Result | F1: Priority | G1: Result | H1: PRD Scenario | I1: Automated
A2: LRN-EXM-001 | B2: Exam lesson shows the attempts counter | C2: E1 with 0 attempts | D2: 1. Open the exam lesson Practice | E2: 'Submit Exam (0/5)' | F2: P0 | H2: LX-41 | I2: No
A3: LRN-EXM-002 | B3: Submit uses an attempt | C3: EXM-001 | D3: 1. Submit the exam | E3: Counter shows 1/5; result message with the score | F3: P0 | H3: LX-42 | I3: No
A4: LRN-EXM-003 | B4: Pass unlocks advanced lessons | C4: E1 passing (>= 80%) | D4: 1. Open an advanced lesson | E4: Lesson opens | F4: P0 | H4: LX-43 | I4: No
A5: LRN-EXM-004 | B5: Fail keeps advanced lessons locked | C5: E1 failing | D5: 1. Click an advanced lesson | E5: Lock message; lesson does not open; attempts left shown | F5: P0 | H5: LX-44 | I5: No
A6: LRN-EXM-005 | B6: Five attempts used | C6: E1 with 5 attempts | D6: 1. Try to submit | E6: Refused with a message | F6: P1 | H6: LX-45 | I6: No
A7: LRN-EXM-006 | B7: Locked lesson message | C7: S2 not passed | D7: 1. Click an advanced lesson | E7: 'Advanced Content Locked: pass the Final Exam with 80%…' | F7: P0 | H7: LX-46 | I7: No
A8: LRN-EXM-007 | B8: Lock marker in the sidebar | C8: S2 not passed | D8: 1. Read the sidebar | E8: Advanced lessons show a lock | F8: P1 | H8: LX-46 | I8: No
A9: LRN-EXM-008 | B9: Admin opens a locked lesson | C9: A1 | D9: 1. Click an advanced lesson | E9: Opens without passing | F9: P1 | H9: LX-47 | I9: No
A10: LRN-EXM-009 | B10: Certificate after completion | C10: E1 passed and all lessons done | D10: 1. Click the certificate action | E10: PDF downloads with the learner's name, landscape A4 | F10: P0 | H10: LX-48 | I10: No
A11: LRN-EXM-010 | B11: No certificate before completion | C11: S2 incomplete | D11: 1. Look for the certificate action | E11: Not offered | F11: P0 | H11: LX-49 | I11: No
A12: LRN-EXM-011 | B12: Certificate generation failure | C12: jsPDF import blocked | D12: 1. Click the action | E12: Alert 'Something went wrong while generating your certificate.' | F12: P1 | H12: LX-50 | I12: No
A13: LRN-EXM-012 | B13: Exam row saved | C13: EXM-002 | D13: 1. Read exam_progress | E13: One row with attempts and pass flag | F13: P1 | H13: LX-42 | I13: No
F14: Coverage | G14: =IF(COUNTA(A2:A13)=0,0,(COUNTIF(G2:G13,"Passed")+COUNTIF(G2:G13,"Failed")+COUNTIF(G2:G13,"NA"))/COUNTA(A2:A13))

Sheet Resilience to External Services
A1: TC ID | B1: Scenario | C1: Preconditions | D1: Steps | E1: Expected Result | F1: Priority | G1: Result | H1: PRD Scenario | I1: Automated
A2: LRN-EXT-001 | B2: YouTube API fails | C2: YouTube request blocked | D2: 1. Open the course | E2: Lessons still list and open (durations/titles fall back); no crash | F2: P1 | H2: LX-52 | I2: No
A3: LRN-EXT-002 | B3: Video does not load | C3: Embed blocked | D3: 1. Open a lesson | E3: Player area shows an empty/error state; tabs and sidebar still work | F3: P2 | H3: LX-52 | I3: No
A4: LRN-EXT-003 | B4: GitHub assignment file missing | C4: Raw URL returns 404 | D4: 1. Open Practice | E4: Lab shows an error message; page works | F4: P1 | H4: LX-53 | I4: No
A5: LRN-EXT-004 | B5: Pyodide does not load | C5: CDN blocked | D5: 1. Click Run | E5: Message explains Python could not start; no frozen button | F5: P1 | H5: LX-54 | I5: No
A6: LRN-EXT-005 | B6: Monaco does not load | C6: CDN blocked | D6: 1. Open Practice | E6: Fallback or message; rest of the page works | F6: P2 | H6: LX-54 | I6: No
A7: LRN-EXT-006 | B7: Supabase progress read fails | C7: video_progress read forced to 500 | D7: 1. Open the course | E7: Curriculum loads; progress shows 0%; no crash | F7: P1 | H7: LX-55 | I7: No
A8: LRN-EXT-007 | B8: Session expires mid-lesson | C8: Revoke the session | D8: 1. Click Mark Complete | E8: Sign-in requested; no data loss on screen | F8: P2 | H8: LX-55 | I8: No
F9: Coverage | G9: =IF(COUNTA(A2:A8)=0,0,(COUNTIF(G2:G8,"Passed")+COUNTIF(G2:G8,"Failed")+COUNTIF(G2:G8,"NA"))/COUNTA(A2:A8))

Sheet Mobile Keyboard and Browsers
A1: TC ID | B1: Scenario | C1: Preconditions | D1: Steps | E1: Expected Result | F1: Priority | G1: Result | H1: PRD Scenario | I1: Automated
A2: LRN-MOB-001 | B2: Course page on a 390 px phone | C2: S2 on a phone | D2: 1. Open the course | E2: Player, tabs and curriculum reachable; no horizontal scroll (defect SCP-33) | F2: P1 | H2: LX-56 | I2: No
A3: LRN-MOB-002 | B3: Python lab on a phone | C3: S2 on a phone | D3: 1. Open Practice and Run | E3: Lab loads and runs (defect SCP-34) | F3: P1 | H3: LX-57 | I3: No
A4: LRN-MOB-003 | B4: Tabs on a phone | C4: MOB-001 | D4: 1. Tap each tab | E4: Each shows its content | F4: P2 | H4: LX-56 | I4: No
A5: LRN-MOB-004 | B5: Keyboard: lessons and tabs | C5: S2 | D5: 1. Tab through the sidebar and tabs 2. Enter | E5: Visible focus; lessons and tabs activate | F5: P1 | H5: LX-58 | I5: No
A6: LRN-MOB-005 | B6: Keyboard: Run and Submit | C6: PY-001 | D6: 1. Tab to Run, Enter 2. Tab to Submit, Enter | E6: Both work | F6: P2 | H6: LX-58 | I6: No
A7: LRN-MOB-006 | B7: Firefox smoke | C7: Firefox project | D7: 1. Run LOAD-002, LOAD-005, PY-002, GIT-002 | E7: Same as Chromium | F7: P1 | H7: LX-59 | I7: No
A8: LRN-MOB-007 | B8: WebKit smoke | C8: WebKit project | D8: 1. Run the same cases | E8: Same as Chromium | F8: P1 | H8: LX-59 | I8: No
F9: Coverage | G9: =IF(COUNTA(A2:A8)=0,0,(COUNTIF(G2:G8,"Passed")+COUNTIF(G2:G8,"Failed")+COUNTIF(G2:G8,"NA"))/COUNTA(A2:A8))

Sheet End-to-End Business-Critical
A1: TC ID | B1: Scenario | C1: Preconditions | D1: Steps | E1: Expected Result | F1: Priority | G1: Result | H1: PRD Scenario | I1: Automated
A2: LRN-E2E-001 | B2: Watch, complete, progress | C2: S2 | D2: 1. Dashboard 2. View Recordings 3. Open a lesson 4. Mark Complete 5. Reload | E2: Progress persists; dashboard XP rises after the next visit | F2: P0 | H2: LX-06/07 | I2: No
A3: LRN-E2E-002 | B3: Python practice end to end | C3: S2 | D3: 1. Open a lab lesson 2. Run 3. Fix an error 4. Submit 5. View Solution | E3: Submitted; solution visible; code restored on reload | F3: P0 | H3: LX-17..25 | I3: No
A4: LRN-E2E-003 | B4: Git practice end to end | C4: S1 | D4: 1. Open a Git lesson 2. add, commit, checkout -b 3. Git Graph 4. Submit | E4: Submitted; graph correct | F4: P0 | H4: LX-30..37 | I4: No
A5: LRN-E2E-004 | B5: Stuck then helped | C5: S2 | D5: 1. Run broken code 2. Ask AI 3. Fix 4. Run | E5: Reply shown; fixed output | F5: P1 | H5: LX-38 | I5: No
A6: LRN-E2E-005 | B6: Exam to certificate | C6: E1 | D6: 1. Submit the exam (pass) 2. Open an advanced lesson 3. Download the certificate | E6: Unlocked; certificate with the name | F6: P0 | H6: LX-43/48 | I6: No
A7: LRN-E2E-006 | B7: Locked until passed | C7: S2 | D7: 1. Click an advanced lesson 2. Pass the exam 3. Click again | E7: Locked then open | F7: P0 | H7: LX-44/43 | I7: No
A8: LRN-E2E-007 | B8: Service outage | C8: S2 | D8: 1. Block YouTube and GitHub 2. Use the page | E8: Local errors only; Back works | F8: P1 | H8: LX-52/53 | I8: No
A9: LRN-E2E-008 | B9: Admin walk-through | C9: A1 | D9: 1. Open Course A 2. Open a locked lesson 3. Share a video | E9: All allowed | F9: P1 | H9: LX-47/51 | I9: No
F10: Coverage | G10: =IF(COUNTA(A2:A9)=0,0,(COUNTIF(G2:G9,"Passed")+COUNTIF(G2:G9,"Failed")+COUNTIF(G2:G9,"NA"))/COUNTA(A2:A9))

Sheet Traceability to Functional Requ
A1: Requirement | B1: Coverage Rate
A2: FR1, FR2, FR3, FR5 — Page Load and Curriculum | B2: ='Page Load and Curriculum'!G14 | D2: Status | E2: Count
A3: FR3, FR4, FR5, FR17 — Lesson Player and Progress | B3: ='Lesson Player and Progress'!G12 | D3: Passed | E3: =COUNTIF('Page Load and Curriculum'!G2:G13, "Passed") + COUNTIF('Lesson Player and Progress'!G2:G11, "Passed") + COUNTIF('Tabs QandA and Materials'!G2:G13, "Passed") + COUNTIF('Python Lab'!G2:G21, "Passed") + COUNTIF('Git Lab'!G2:G13, "Passed") + COUNTIF('AI Tutor'!G2:G8, "Passed") + COUNTIF('Final Exam Locks Certificate'!G2:G13, "Passed") + COUNTIF('Resilience to External Services'!G2:G8, "Passed") + COUNTIF('Mobile Keyboard and Browsers'!G2:G8, "Passed") + COUNTIF('End-to-End Business-Critical'!G2:G9, "Passed")
A4: FR6, FR15, FR16 — Tabs Q&A and Materials | B4: ='Tabs QandA and Materials'!G14 | D4: Failed | E4: =COUNTIF('Page Load and Curriculum'!G2:G13, "Failed") + COUNTIF('Lesson Player and Progress'!G2:G11, "Failed") + COUNTIF('Tabs QandA and Materials'!G2:G13, "Failed") + COUNTIF('Python Lab'!G2:G21, "Failed") + COUNTIF('Git Lab'!G2:G13, "Failed") + COUNTIF('AI Tutor'!G2:G8, "Failed") + COUNTIF('Final Exam Locks Certificate'!G2:G13, "Failed") + COUNTIF('Resilience to External Services'!G2:G8, "Failed") + COUNTIF('Mobile Keyboard and Browsers'!G2:G8, "Failed") + COUNTIF('End-to-End Business-Critical'!G2:G9, "Failed")
A5: FR7, FR8, FR9 — Python Lab | B5: ='Python Lab'!G22 | D5: Not Applicable | E5: =COUNTIF('Page Load and Curriculum'!G2:G13, "NA") + COUNTIF('Lesson Player and Progress'!G2:G11, "NA") + COUNTIF('Tabs QandA and Materials'!G2:G13, "NA") + COUNTIF('Python Lab'!G2:G21, "NA") + COUNTIF('Git Lab'!G2:G13, "NA") + COUNTIF('AI Tutor'!G2:G8, "NA") + COUNTIF('Final Exam Locks Certificate'!G2:G13, "NA") + COUNTIF('Resilience to External Services'!G2:G8, "NA") + COUNTIF('Mobile Keyboard and Browsers'!G2:G8, "NA") + COUNTIF('End-to-End Business-Critical'!G2:G9, "NA")
A6: FR10 — Git Lab | B6: ='Git Lab'!G14 | D6: Not Tested Yet | E6: =E7-E3-E4-E5
A7: FR14 — AI Tutor | B7: ='AI Tutor'!G9 | D7: Total Test Cases | E7: =COUNTA('Page Load and Curriculum'!A2:A13) + COUNTA('Lesson Player and Progress'!A2:A11) + COUNTA('Tabs QandA and Materials'!A2:A13) + COUNTA('Python Lab'!A2:A21) + COUNTA('Git Lab'!A2:A13) + COUNTA('AI Tutor'!A2:A8) + COUNTA('Final Exam Locks Certificate'!A2:A13) + COUNTA('Resilience to External Services'!A2:A8) + COUNTA('Mobile Keyboard and Browsers'!A2:A8) + COUNTA('End-to-End Business-Critical'!A2:A9)
A8: FR11, FR12, FR13 — Final Exam Locks Certificate | B8: ='Final Exam Locks Certificate'!G14
A9: FR18 — Resilience to External Services | B9: ='Resilience to External Services'!G9
A10: FR19, FR20 — Mobile Keyboard and Browsers | B10: ='Mobile Keyboard and Browsers'!G9
A11: FR1 to FR13 (journeys) — End-to-End Business-Critical | B11: ='End-to-End Business-Critical'!G10
