Workbook

Sheet Test User Data
A2: Test Data / User Accounts
A3: Test Data | B3: Description | C3: User ID
A4: V1 | B4: Anonymous visitor (not signed in) | C4: NA
A5: U1 | B5: Signed-in learner with no enrolments (empty dashboard) | C5: shivamnamdev.edu@gmail.com
A6: S1 | B6: Learner enrolled in Course B only (git-beginner-batch-1, closed cohort) | C6: financetrail.bazar@gmail.com
A7: S2 | B7: Learner enrolled in Course A only (python-beginners-batch-2, closed cohort) | C7: mavish.ps8@gmail.com
A8: M1 | B8: Learner with several courses: U1 plus a temporary grant of the QA fixture course and Course C (removed after the test) | C8: shivamnamdev.edu@gmail.com
A9: A1 | B9: Admin user (not enrolled in the courses it opens) | C9: shivamnamdev.corp@gmail.com
A10: CA | B10: Course A: Python Beginners Batch 2 (python-beginners-batch-2); live link empty today | C10: /live/python-beginners-batch-2
A11: CB | B11: Course B: Git Beginner Live Session (git-beginner-batch-1); live link empty today | C11: /live/git-beginner-batch-1
A12: CC | B12: Course C: python-beginners (temporary grant for multi-course tests) | C12: /learning/python-beginners
A13: CF | B13: QA fixture course (qa-checkout-sandbox); needs a fixture live link for the 'Enter Google Meet' cases (PRD 06 TR-2) | C13: /live/qa-checkout-sandbox
A15: Notes | B15: Clean up: every enrolment, stats or progress row a test adds is removed afterwards. Dates for streak cases are set directly in user_stats (QA project). Course A/B/C are closed cohorts; enrolled learners keep access.

Sheet Dashboard States and Empty
A1: TC ID | B1: Scenario | C1: Preconditions | D1: Steps | E1: Expected Result | F1: Priority | G1: Result | H1: PRD Scenario | I1: Automated
A2: DSH-STATE-001 | B2: Loading state | C2: U1; enrolments request slowed 2 s | D2: 1. Open /learning | E2: Spinner and 'Loading your dashboard…' with navbar and footer; no 'No courses yet!' flash | F2: P0 | H2: SD-01 | I2: No
A3: DSH-STATE-002 | B3: Loading ends in the final state | C3: STATE-001 | D3: 1. Wait | E3: Spinner is replaced by the empty state (U1) or the course list | F3: P1 | H3: SD-01 | I3: No
A4: DSH-STATE-003 | B4: Visitor cannot see the dashboard | C4: V1 | D4: 1. Open /learning | E4: Redirected away (sign-in or home); 'My Enrolled Courses' and 'Welcome back' never rendered | F4: P0 | H4: SD-02 | I4: tests/ui/auth/access-control.spec.ts / route-protection.spec.ts
A5: DSH-STATE-004 | B5: Empty state for a learner with no enrolments | C5: U1 signed in | D5: 1. Open /learning | E5: 'No courses yet!' card with the text about not being enrolled and a Browse Catalog button | F5: P0 | H5: SD-03 | I5: AUTH-ENR-001/002 (tests/ui/auth/access-control.spec.ts)
A6: DSH-STATE-005 | B6: Empty state has no course card and no live-class button | C6: STATE-004 | D6: 1. Look for cards and buttons | E6: No Join Live Class, no View Recordings, no 'Enrolled' badge | F6: P1 | H6: SD-05 | I6: No
A7: DSH-STATE-006 | B7: Browse Catalog opens the catalog | C7: STATE-004 | D7: 1. Click Browse Catalog | E7: /courses opens with the course cards | F7: P0 | H7: SD-04 | I7: No
A8: DSH-STATE-007 | B8: Resources text in the empty state | C8: STATE-004 | D8: 1. Look at the Resources panel | E8: 'Course resources appear here once you enroll.' | F8: P1 | H8: SD-30 | I8: No
A9: DSH-STATE-008 | B9: Welcome line uses the first name | C9: U1 | D9: 1. Read the heading | E9: 'Welcome back, <first name>! 👋' (or 'Student' when no name) | F9: P1 | H9: SD-18 | I9: No
A10: DSH-STATE-009 | B10: Query parameters do not unlock courses | C10: U1 | D10: 1. Open /learning?enrolled=true | E10: Still the empty state | F10: P0 | H10: SD-03 | I10: AUTH-ENR-001 (tests/ui/auth/access-control.spec.ts)
A11: DSH-STATE-010 | B11: Dashboard after sign-out and back | C11: S1 | D11: 1. Sign out 2. Open /learning | E11: Visitor behaviour (STATE-003); no cached courses shown | F11: P0 | H11: SD-02 | I11: No
F12: Coverage | G12: =IF(COUNTA(A2:A11)=0,0,(COUNTIF(G2:G11,"Passed")+COUNTIF(G2:G11,"Failed")+COUNTIF(G2:G11,"NA"))/COUNTA(A2:A11))

Sheet Course Cards and Actions
A1: TC ID | B1: Scenario | C1: Preconditions | D1: Steps | E1: Expected Result | F1: Priority | G1: Result | H1: PRD Scenario | I1: Automated
A2: DSH-CARD-001 | B2: Course A learner sees only Course A | C2: S2 | D2: 1. Open /learning | E2: One card 'Python Beginners Batch 2'; no Git card | F2: P0 | H2: SD-06 | I2: AUTH-COURSE (tests/ui/auth/access-control.spec.ts)
A3: DSH-CARD-002 | B3: Course B learner sees only Course B | C3: S1 | D3: 1. Open /learning | E3: One card 'Git Beginner Live Session'; no Python card | F3: P0 | H3: SD-07 | I3: AUTH-COURSE (tests/ui/auth/access-control.spec.ts)
A4: DSH-CARD-003 | B4: Card content | C4: S2 | D4: 1. Read the card | E4: Title, 'Enrolled' badge, 'Active Access' badge, text 'Your learning materials and lab access are fully unlocked.', two buttons | F4: P0 | H4: SD-08 | I4: No
A5: DSH-CARD-004 | B5: Join Live Class opens the lobby of that course | C5: S2 | D5: 1. Click Join Live Class | E5: URL is /live/python-beginners-batch-2 | F5: P0 | H5: SD-09 | I5: No
A6: DSH-CARD-005 | B6: View Recordings opens the player of that course | C6: S2 | D6: 1. Click View Recordings | E6: URL is /learning/python-beginners-batch-2 and the player loads | F6: P0 | H6: SD-10 | I6: No
A7: DSH-CARD-006 | B7: Closed cohort still listed for its learner | C7: S1 (Course B is closed) | D7: 1. Open /learning | E7: Card is shown with full access | F7: P0 | H7: SD-16 | I7: AUTH-COURSE (tests/ui/auth/access-control.spec.ts)
A8: DSH-CARD-007 | B8: Card for each learner uses that learner's slug | C8: S1 and S2 | D8: 1. Compare both dashboards | E8: Buttons point to different slugs; no cross-over | F8: P0 | H8: SD-09/10 | I8: No
A9: DSH-CARD-008 | B9: Unknown slug in enrolments is ignored | C9: U1 with a row for a course that does not exist | D9: 1. Open /learning | E9: Empty state or the valid cards only; no error | F9: P1 | H9: SD-15 | I9: No
A10: DSH-CARD-009 | B10: Admin sees only their own enrolments | C10: A1 | D10: 1. Open /learning | E10: No extra cards for courses the admin is not enrolled in (empty state if none) | F10: P1 | H10: SD-17 | I10: No
A11: DSH-CARD-010 | B11: Double-click on Join Live Class | C11: S2 | D11: 1. Double-click | E11: One navigation to the lobby | F11: P2 | H11: SD-09 | I11: No
A12: DSH-CARD-011 | B12: Back from the lobby | C12: CARD-004 | D12: 1. Press Back | E12: Dashboard shows again with the same list | F12: P1 | H12: SD-14 | I12: No
F13: Coverage | G13: =IF(COUNTA(A2:A12)=0,0,(COUNTIF(G2:G12,"Passed")+COUNTIF(G2:G12,"Failed")+COUNTIF(G2:G12,"NA"))/COUNTA(A2:A12))

Sheet Several Courses and Changes
A1: TC ID | B1: Scenario | C1: Preconditions | D1: Steps | E1: Expected Result | F1: Priority | G1: Result | H1: PRD Scenario | I1: Automated
A2: DSH-CHG-001 | B2: Two courses show two cards | C2: M1 (fixture + Course C granted) | D2: 1. Open /learning | E2: Two cards, each with its own title | F2: P0 | H2: SD-11 | I2: No
A3: DSH-CHG-002 | B3: Each card links to its own course | C3: CHG-001 | D3: 1. Click Join Live Class on card 1, go back, then on card 2 | E3: Each opens /live/<its own slug> | F3: P0 | H3: SD-11 | I3: No
A4: DSH-CHG-003 | B4: View Recordings on each card | C4: CHG-001 | D4: 1. Click View Recordings on each | E4: Each opens /learning/<its own slug> | F4: P1 | H4: SD-11 | I4: No
A5: DSH-CHG-004 | B5: Newly enrolled course appears on the next load | C5: U1 (empty); grant the fixture course | D5: 1. Reload /learning | E5: The new card appears | F5: P0 | H5: SD-12 | I5: enrolment change (tests/ui/auth/access-control.spec.ts)
A6: DSH-CHG-005 | B6: Course appears after a free enrolment | C6: U1; complete a free enrolment (PRD 05) | D6: 1. Click Go to Dashboard | E6: New card visible | F6: P0 | H6: SD-42 | I6: tests/ui/discovery/checkout-real-db.spec.ts
A7: DSH-CHG-006 | B7: Course appears after a paid purchase | C7: U1; complete a purchase (PRD 04, mocked or test mode) | D7: 1. Click Go to Dashboard | E7: New card visible | F7: P0 | H7: SD-42 | I7: checkout-real-gateway.spec.ts (opt-in)
A8: DSH-CHG-007 | B8: Revoked course disappears | C8: M1; remove the fixture enrolment | D8: 1. Reload | E8: Only Course C card remains | F8: P0 | H8: SD-13 | I8: enrolment change (tests/ui/auth/access-control.spec.ts)
A9: DSH-CHG-008 | B9: Lobby of a revoked course is denied | C9: CHG-007 | D9: 1. Open /live/qa-checkout-sandbox | E9: Access Denied | F9: P0 | H9: SD-13 | I9: No
A10: DSH-CHG-009 | B10: Refresh keeps the list | C10: S2 | D10: 1. Press F5 | E10: Same list | F10: P1 | H10: SD-14 | I10: No
A11: DSH-CHG-010 | B11: Order of cards follows the catalog | C11: M1 | D11: 1. Compare with data/courses.ts | E11: Same order as the catalog | F11: P2 | H11: SD-11 | I11: No
F12: Coverage | G12: =IF(COUNTA(A2:A11)=0,0,(COUNTIF(G2:G11,"Passed")+COUNTIF(G2:G11,"Failed")+COUNTIF(G2:G11,"NA"))/COUNTA(A2:A11))

Sheet Streak XP and Leaderboard
A1: TC ID | B1: Scenario | C1: Preconditions | D1: Steps | E1: Expected Result | F1: Priority | G1: Result | H1: PRD Scenario | I1: Automated
A2: DSH-STAT-001 | B2: First visit creates the stats row with streak 1 | C2: U1; no user_stats row | D2: 1. Open /learning | E2: Streak widget shows 1; a user_stats row exists with XP 0 | F2: P1 | H2: SD-19 | I2: No
A3: DSH-STAT-002 | B3: Visit on the next day increments the streak | C3: last_active_date = yesterday, streak 3 | D3: 1. Open /learning | E3: Streak shows 4; last_active_date is today | F3: P1 | H3: SD-20 | I3: No
A4: DSH-STAT-003 | B4: A gap resets the streak | C4: last_active_date = 3 days ago, streak 5 | D4: 1. Open /learning | E4: Streak shows 1 | F4: P1 | H4: SD-21 | I4: No
A5: DSH-STAT-004 | B5: Second visit on the same day changes nothing | C5: STAT-002 done | D5: 1. Reload | E5: Streak unchanged | F5: P1 | H5: SD-22 | I5: No
A6: DSH-STAT-005 | B6: Total XP equals the server value | C6: 3 video_progress + 1 assignment_progress rows | D6: 1. Open /learning on desktop | E6: Total XP shows 80 (3 x 10 + 50) | F6: P1 | H6: SD-23 | I6: No
A7: DSH-STAT-006 | B7: XP sync is called once per load | C7: STAT-005; network log | D7: 1. Reload | E7: One POST /api/xp/sync; user_stats.total_points updated | F7: P2 | H7: SD-23 | I7: No
A8: DSH-STAT-007 | B8: XP sync failure does not break the page | C8: /api/xp/sync forced to 500 | D8: 1. Open /learning | E8: Cards and streak render; XP keeps the last stored value | F8: P1 | H8: SD-24 | I8: No
A9: DSH-STAT-008 | B9: Stats request failure keeps the cards | C9: user_stats request forced to 500 | D9: 1. Open /learning | E9: Cards render; streak 0 or default; no crash | F9: P1 | H9: SD-25 | I9: No
A10: DSH-STAT-009 | B10: Leaderboard shows at most five learners ordered by XP | C10: 7 learners with different XP | D10: 1. Read the Global Leaderboard | E10: Five rows, highest XP first, medals for the top three | F10: P1 | H10: SD-27 | I10: No
A11: DSH-STAT-010 | B11: Leaderboard hides internal accounts | C11: The four hidden accounts have the top XP | D11: 1. Read the leaderboard | E11: None of the hidden accounts is shown | F11: P1 | H11: SD-28 | I11: No
A12: DSH-STAT-011 | B12: Leaderboard shows names and XP only | C12: STAT-009 | D12: 1. Inspect the rows and the network response | E12: No email address is displayed (note: the response still contains emails, risk R-SD-3) | F12: P1 | H12: SD-28 | I12: No
A13: DSH-STAT-012 | B13: Total XP block on a phone | C13: S2 on a 390 px viewport | D13: 1. Open /learning | E13: Total XP is hidden below the md breakpoint (known behaviour, R-SD-8) | F13: P2 | H13: SD-39 | I13: No
F14: Coverage | G14: =IF(COUNTA(A2:A13)=0,0,(COUNTIF(G2:G13,"Passed")+COUNTIF(G2:G13,"Failed")+COUNTIF(G2:G13,"NA"))/COUNTA(A2:A13))

Sheet Resources Panel
A1: TC ID | B1: Scenario | C1: Preconditions | D1: Steps | E1: Expected Result | F1: Priority | G1: Result | H1: PRD Scenario | I1: Automated
A2: DSH-RES-001 | B2: Syllabus link for an owned course | C2: S1 or S2 (course with a syllabus PDF) | D2: 1. Read the Resources panel | E2: '<Course> Syllabus' with 'PDF Document' | F2: P1 | H2: SD-29 | I2: No
A3: DSH-RES-002 | B3: Syllabus link downloads the file | C3: RES-001 | D3: 1. Click the link | E3: The PDF downloads (HTTP 200, PDF content type) | F3: P1 | H3: SD-29 | I3: No
A4: DSH-RES-003 | B4: Only owned courses are listed | C4: S2 | D4: 1. Read the panel | E4: No syllabus of Course B | F4: P1 | H4: SD-29 | I4: No
A5: DSH-RES-004 | B5: Course without a syllabus adds no row | C5: Owned course with no syllabusPdf | D5: 1. Read the panel | E5: No broken row; empty text if nothing else | F5: P2 | H5: SD-29 | I5: No
A6: DSH-RES-005 | B6: Empty text when nothing is owned | C6: U1 | D6: 1. Read the panel | E6: 'Course resources appear here once you enroll.' | F6: P1 | H6: SD-30 | I6: No
F7: Coverage | G7: =IF(COUNTA(A2:A6)=0,0,(COUNTIF(G2:G6,"Passed")+COUNTIF(G2:G6,"Failed")+COUNTIF(G2:G6,"NA"))/COUNTA(A2:A6))

Sheet Live Lobby
A1: TC ID | B1: Scenario | C1: Preconditions | D1: Steps | E1: Expected Result | F1: Priority | G1: Result | H1: PRD Scenario | I1: Automated
A2: DSH-LOB-001 | B2: Lobby verifying state | C2: S2; enrolments request slowed | D2: 1. Open /live/python-beginners-batch-2 | E2: Spinner while verifying; no lobby content yet | F2: P1 | H2: SD-32 | I2: No
A3: DSH-LOB-002 | B3: Non-enrolled learner is denied | C3: U1 | D3: 1. Open /live/python-beginners-batch-2 | E3: 'Access Denied' with the text about not being enrolled and a Return to Dashboard button | F3: P0 | H3: SD-31 | I3: AUTH-ENR-004 (tests/ui/auth/access-control.spec.ts)
A4: DSH-LOB-003 | B4: Return to Dashboard works | C4: LOB-002 | D4: 1. Click Return to Dashboard | E4: /learning opens | F4: P1 | H4: SD-31 | I4: No
A5: DSH-LOB-004 | B5: Visitor never sees lobby content | C5: V1 | D5: 1. Open /live/python-beginners-batch-2 | E5: Redirect to sign-in or home; no lobby or Access Denied content leaks the course title | F5: P0 | H5: SD-31 | I5: route-protection.spec.ts
A6: DSH-LOB-005 | B6: Enrolled learner, no live link configured | C6: S2 (liveLink empty) | D6: 1. Open the lobby | E6: 'Secure Lobby', 'Ready to join the class?', course title, 'No live link configured for this cohort yet.' | F6: P0 | H6: SD-33 | I6: live lobby (tests/ui/auth/access-control.spec.ts)
A7: DSH-LOB-006 | B7: Enrolled learner, live link configured | C7: CF with a fixture link; M1 | D7: 1. Open /live/qa-checkout-sandbox | E7: 'Enter Google Meet' button is shown | F7: P0 | H7: SD-34 | I7: No
A8: DSH-LOB-007 | B8: Enter Google Meet opens a new tab | C8: LOB-006 | D8: 1. Click | E8: New tab with the link; rel noreferrer; dashboard tab unchanged | F8: P0 | H8: SD-34 | I8: No
A9: DSH-LOB-008 | B9: Pre-class checklist | C9: LOB-005 | D9: 1. Read the checklist | E9: Four items including 'Live class recordings will be available on your dashboard by the next morning.' | F9: P2 | H9: SD-35 | I9: No
A10: DSH-LOB-009 | B10: Dashboard back link | C10: LOB-005 | D10: 1. Click '< Dashboard' | E10: /learning opens | F10: P1 | H10: SD-35 | I10: No
A11: DSH-LOB-010 | B11: Admin can open any lobby | C11: A1 (not enrolled) | D11: 1. Open /live/python-beginners-batch-2 | E11: Secure Lobby is shown (admin backdoor) | F11: P0 | H11: SD-36 | I11: admin (tests/ui/auth/access-control.spec.ts)
A12: DSH-LOB-011 | B12: Lookup failure shows Access Denied | C12: Enrolments request forced to 500 | D12: 1. Open the lobby as S2 | E12: Access Denied (documents R-SD-4: the learner is told they are not enrolled) | F12: P1 | H12: SD-37 | I12: No
A13: DSH-LOB-012 | B13: Wrong course in the URL | C13: S2 | D13: 1. Open /live/does-not-exist | E13: Access Denied or 404; never another course's lobby | F13: P1 | H13: SD-31 | I13: No
A14: DSH-LOB-013 | B14: Learner of Course A cannot open the Course B lobby | C14: S2 | D14: 1. Open /live/git-beginner-batch-1 | E14: Access Denied | F14: P0 | H14: SD-31 | I14: AUTH-COURSE (tests/ui/auth/access-control.spec.ts)
F15: Coverage | G15: =IF(COUNTA(A2:A14)=0,0,(COUNTIF(G2:G14,"Passed")+COUNTIF(G2:G14,"Failed")+COUNTIF(G2:G14,"NA"))/COUNTA(A2:A14))

Sheet Failure and Resilience
A1: TC ID | B1: Scenario | C1: Preconditions | D1: Steps | E1: Expected Result | F1: Priority | G1: Result | H1: PRD Scenario | I1: Automated
A2: DSH-ERR-001 | B2: Enrolments request fails | C2: S2; user_enrollments forced to 500 | D2: 1. Open /learning | E2: Page does not crash; today it shows the empty state (defect SCP-46: should show an error with retry) | F2: P0 | H2: SD-26 | I2: No
A3: DSH-ERR-002 | B3: Recovery after the failure | C3: ERR-001 | D3: 1. Restore the network 2. Reload | E3: Course card returns | F3: P1 | H3: SD-26 | I3: No
A4: DSH-ERR-003 | B4: Leaderboard request fails | C4: user_stats read forced to 500 | D4: 1. Open /learning | E4: Cards render; leaderboard empty; no crash | F4: P1 | H4: SD-25 | I4: No
A5: DSH-ERR-004 | B5: No console errors on a normal load | C5: S2 | D5: 1. Open /learning with the console open | E5: No uncaught exceptions | F5: P1 | H5: SD-25 | I5: No
A6: DSH-ERR-005 | B6: Session expires while the page is open | C6: S2; revoke the session | D6: 1. Click Join Live Class | E6: Sign-in is requested; no stale lobby | F6: P1 | H6: SD-02 | I6: No
A7: DSH-ERR-006 | B7: Offline then online | C7: S2 | D7: 1. Go offline 2. Click a button 3. Go online | E7: Page stays usable; navigation works again | F7: P2 | H7: SD-26 | I7: No
F8: Coverage | G8: =IF(COUNTA(A2:A7)=0,0,(COUNTIF(G2:G7,"Passed")+COUNTIF(G2:G7,"Failed")+COUNTIF(G2:G7,"NA"))/COUNTA(A2:A7))

Sheet Mobile Keyboard and Browsers
A1: TC ID | B1: Scenario | C1: Preconditions | D1: Steps | E1: Expected Result | F1: Priority | G1: Result | H1: PRD Scenario | I1: Automated
A2: DSH-MOB-001 | B2: Dashboard on a 390 px phone | C2: S2 on a phone | D2: 1. Open /learning | E2: Cards and buttons fully visible; no horizontal scroll | F2: P1 | H2: SD-38 | I2: No
A3: DSH-MOB-002 | B3: Buttons are tappable | C3: MOB-001 | D3: 1. Tap Join Live Class and View Recordings | E3: Both navigate | F3: P1 | H3: SD-38 | I3: No
A4: DSH-MOB-003 | B4: Stacked buttons on small screens | C4: MOB-001 | D4: 1. Check layout | E4: Buttons stack vertically on mobile and sit side by side on larger screens | F4: P2 | H4: SD-38 | I4: No
A5: DSH-MOB-004 | B5: Lobby on a phone | C5: S2 on a phone | D5: 1. Open the lobby | E5: Content fits; checklist readable | F5: P2 | H5: SD-38 | I5: No
A6: DSH-MOB-005 | B6: Keyboard: reach and use the card buttons | C6: S2 | D6: 1. Tab to Join Live Class 2. Enter | E6: Visible focus; lobby opens | F6: P1 | H6: SD-40 | I6: No
A7: DSH-MOB-006 | B7: Keyboard: Browse Catalog | C7: U1 | D7: 1. Tab to the button 2. Enter | E7: /courses opens | F7: P2 | H7: SD-40 | I7: No
A8: DSH-MOB-007 | B8: Firefox smoke | C8: Firefox project | D8: 1. Run STATE-004, CARD-001, CARD-004, CARD-005 | E8: Same results as Chromium | F8: P1 | H8: SD-41 | I8: No
A9: DSH-MOB-008 | B9: WebKit smoke | C9: WebKit project | D9: 1. Run the same cases | E9: Same results as Chromium | F9: P1 | H9: SD-41 | I9: No
F10: Coverage | G10: =IF(COUNTA(A2:A9)=0,0,(COUNTIF(G2:G9,"Passed")+COUNTIF(G2:G9,"Failed")+COUNTIF(G2:G9,"NA"))/COUNTA(A2:A9))

Sheet End-to-End Business-Critical
A1: TC ID | B1: Scenario | C1: Preconditions | D1: Steps | E1: Expected Result | F1: Priority | G1: Result | H1: PRD Scenario | I1: Automated
A2: DSH-E2E-001 | B2: New learner journey | C2: V1 | D2: 1. Sign up/sign in as U1 2. See the empty state 3. Browse Catalog 4. Enrol (PRD 05) 5. Go to Dashboard | E2: Card appears; View Recordings opens the player; one enrolment row | F2: P0 | H2: SD-42 | I2: checkout-real-db.spec.ts (partial)
A3: DSH-E2E-002 | B3: Returning learner with one course | C3: S2 | D3: 1. Sign in 2. Open the dashboard 3. Join Live Class 4. Back | E3: Lobby (no-link text), back to the same dashboard | F3: P0 | H3: SD-09 | I3: No
A4: DSH-E2E-003 | B4: Learner buys a second course | C4: S2 | D4: 1. Buy the fixture course 2. Go to Dashboard | E4: Two cards; both buttons correct | F4: P0 | H4: SD-11 | I4: No
A5: DSH-E2E-004 | B5: Not enrolled and tries a direct lobby link | C5: U1 | D5: 1. Open /live/<course> 2. Return to Dashboard | E5: Access Denied then the empty state | F5: P0 | H5: SD-31 | I5: No
A6: DSH-E2E-005 | B6: Enrolment removed during the session | C6: S2 | D6: 1. Delete the enrolment 2. Reload | E6: Empty state; lobby denied | F6: P0 | H6: SD-13 | I6: No
A7: DSH-E2E-006 | B7: Visitor to learner | C7: V1 | D7: 1. Open /learning 2. Sign in 3. Land on the dashboard | E7: Dashboard with the right list | F7: P1 | H7: SD-02 | I7: No
A8: DSH-E2E-007 | B8: Admin checks a lobby | C8: A1 | D8: 1. Open a lobby without enrolment | E8: Lobby opens; dashboard unchanged | F8: P1 | H8: SD-36 | I8: No
F9: Coverage | G9: =IF(COUNTA(A2:A8)=0,0,(COUNTIF(G2:G8,"Passed")+COUNTIF(G2:G8,"Failed")+COUNTIF(G2:G8,"NA"))/COUNTA(A2:A8))

Sheet Traceability to Functional Requ
A1: Requirement | B1: Coverage Rate
A2: FR1, FR2, FR5 — Dashboard States and Empty | B2: ='Dashboard States and Empty'!G12 | D2: Status | E2: Count
A3: FR3, FR4, FR6, FR7, FR16 — Course Cards and Actions | B3: ='Course Cards and Actions'!G13 | D3: Passed | E3: =COUNTIF('Dashboard States and Empty'!G2:G11, "Passed") + COUNTIF('Course Cards and Actions'!G2:G12, "Passed") + COUNTIF('Several Courses and Changes'!G2:G11, "Passed") + COUNTIF('Streak XP and Leaderboard'!G2:G13, "Passed") + COUNTIF('Resources Panel'!G2:G6, "Passed") + COUNTIF('Live Lobby'!G2:G14, "Passed") + COUNTIF('Failure and Resilience'!G2:G7, "Passed") + COUNTIF('Mobile Keyboard and Browsers'!G2:G9, "Passed") + COUNTIF('End-to-End Business-Critical'!G2:G8, "Passed")
A4: FR3, FR10 — Several Courses and Changes | B4: ='Several Courses and Changes'!G12 | D4: Failed | E4: =COUNTIF('Dashboard States and Empty'!G2:G11, "Failed") + COUNTIF('Course Cards and Actions'!G2:G12, "Failed") + COUNTIF('Several Courses and Changes'!G2:G11, "Failed") + COUNTIF('Streak XP and Leaderboard'!G2:G13, "Failed") + COUNTIF('Resources Panel'!G2:G6, "Failed") + COUNTIF('Live Lobby'!G2:G14, "Failed") + COUNTIF('Failure and Resilience'!G2:G7, "Failed") + COUNTIF('Mobile Keyboard and Browsers'!G2:G9, "Failed") + COUNTIF('End-to-End Business-Critical'!G2:G8, "Failed")
A5: FR11, FR12, FR13 — Streak XP and Leaderboard | B5: ='Streak XP and Leaderboard'!G14 | D5: Not Applicable | E5: =COUNTIF('Dashboard States and Empty'!G2:G11, "NA") + COUNTIF('Course Cards and Actions'!G2:G12, "NA") + COUNTIF('Several Courses and Changes'!G2:G11, "NA") + COUNTIF('Streak XP and Leaderboard'!G2:G13, "NA") + COUNTIF('Resources Panel'!G2:G6, "NA") + COUNTIF('Live Lobby'!G2:G14, "NA") + COUNTIF('Failure and Resilience'!G2:G7, "NA") + COUNTIF('Mobile Keyboard and Browsers'!G2:G9, "NA") + COUNTIF('End-to-End Business-Critical'!G2:G8, "NA")
A6: FR14 — Resources Panel | B6: ='Resources Panel'!G7 | D6: Not Tested Yet | E6: =E7-E3-E4-E5
A7: FR8, FR9 — Live Lobby | B7: ='Live Lobby'!G15 | D7: Total Test Cases | E7: =COUNTA('Dashboard States and Empty'!A2:A11) + COUNTA('Course Cards and Actions'!A2:A12) + COUNTA('Several Courses and Changes'!A2:A11) + COUNTA('Streak XP and Leaderboard'!A2:A13) + COUNTA('Resources Panel'!A2:A6) + COUNTA('Live Lobby'!A2:A14) + COUNTA('Failure and Resilience'!A2:A7) + COUNTA('Mobile Keyboard and Browsers'!A2:A9) + COUNTA('End-to-End Business-Critical'!A2:A8)
A8: FR15 — Failure and Resilience | B8: ='Failure and Resilience'!G8
A9: FR17, FR18 — Mobile Keyboard and Browsers | B9: ='Mobile Keyboard and Browsers'!G10
A10: FR1 to FR10 (journeys) — End-to-End Business-Critical | B10: ='End-to-End Business-Critical'!G9
